Filename,Word Count,Date Created,Date Updated
chapter-1-homecoming-fog_v1.md,6204,10/8/25,2025-10-21
chapter-10-words-on-fire_v1.md,6857,10/8/25,2025-10-21
chapter-11-bridges-before-dawn_v1.md,5654,10/8/25,2025-10-21
chapter-12-flour-and-firelight_v1.md,5048,10/8/25,2025-10-21
chapter-13-the-morning-after-the-moon_v1.md,6181,10/8/25,2025-10-21
chapter-2-alpha-at-the-bar_v1.md,5238,10/8/25,2025-10-21
chapter-3-lanterns-and-laughter_v1.md,5409,10/8/25,2025-10-21
chapter-4-quiet-patrol_v1.md,5752,10/8/25,2025-10-21
chapter-5-welcome-maple-hollow_v1.md,4348,10/8/25,2025-10-21
chapter-6-late-shift-glow_v1.md,3444,10/8/25,2025-10-21
chapter-7-the-interview-that-became-breakfast_v1.md,5292,10/8/25,2025-10-21
chapter-8-storm-signs_v1.md,6341,10/8/25,2025-10-21
chapter-9-shelter-and-sparks_v1.md,6971,10/8/25,2025-10-21
